tourney_id,tourney_name,surface,draw_size,tourney_level,tourney_date,match_num,winner_id,winner_name,winner_hand,winner_ht,winner_ioc,winner_age,loser_id,loser_name,loser_hand,loser_ht,loser_ioc,loser_age,score,best_of,round,minutes,w_ace,w_df,w_svpt,w_1stIn,w_1stWon,w_2ndWon,w_SvGms,w_bpSaved,w_bpFaced,l_ace,l_df,l_svpt,l_1stIn,l_1stWon,l_2ndWon,l_SvGms,l_bpSaved,l_bpFaced,winner_rank,winner_rank_points,loser_rank,loser_rank_points,gender
2022-8888,Atp Cup,Hard,16,A,2022-01-03,298,105138,Roberto Bautista Agut,R,183.0,ESP,33.7,128034,Hubert Hurkacz,R,196.0,POL,24.8,7-6(6) 2-6 7-6(5),3,SF,164.0,1.0,2.0,96.0,64.0,50.0,20.0,16.0,1.0,4.0,24.0,3.0,120.0,80.0,62.0,20.0,16.0,6.0,7.0,19.0,2260.0,9.0,3706.0,Men
2022-8888,Atp Cup,Hard,16,A,2022-01-03,296,106421,Daniil Medvedev,R,198.0,RUS,25.8,200000,Felix Auger Aliassime,R,193.0,CAN,21.4,6-4 6-0,3,SF,68.0,6.0,4.0,41.0,25.0,22.0,10.0,8.0,0.0,0.0,6.0,2.0,48.0,35.0,22.0,4.0,8.0,3.0,7.0,2.0,8640.0,11.0,3308.0,Men
2022-8888,Atp Cup,Hard,16,A,2022-01-03,295,133430,Denis Shapovalov,L,185.0,CAN,22.7,126128,Roman Safiullin,R,185.0,RUS,24.4,6-4 5-7 6-4,3,SF,159.0,13.0,8.0,105.0,67.0,51.0,20.0,16.0,7.0,8.0,5.0,4.0,100.0,61.0,45.0,21.0,16.0,7.0,9.0,14.0,2475.0,167.0,409.0,Men
2022-8888,Atp Cup,Hard,16,A,2022-01-03,294,134770,Casper Ruud,R,183.0,NOR,23.0,105583,Dusan Lajovic,R,180.0,SRB,31.5,6-3 7-5,3,RR,100.0,1.0,3.0,65.0,39.0,31.0,11.0,11.0,2.0,4.0,4.0,0.0,63.0,38.0,24.0,9.0,10.0,3.0,7.0,8.0,4160.0,33.0,1591.0,Men
2022-8888,Atp Cup,Hard,16,A,2022-01-03,293,105936,Filip Krajinovic,R,185.0,SRB,29.8,126340,Viktor Durasovic,R,185.0,NOR,24.7,6-2 7-5,3,RR,73.0,8.0,0.0,51.0,34.0,27.0,12.0,10.0,2.0,3.0,4.0,1.0,63.0,38.0,27.0,10.0,10.0,7.0,11.0,42.0,1402.0,345.0,137.0,Men
2022-8888,Atp Cup,Hard,16,A,2022-01-03,283,105807,Pablo Carreno Busta,R,188.0,ESP,30.4,126214,Alejandro Tabilo,L,188.0,CHI,24.5,6-4 7-6(4),3,RR,112.0,1.0,6.0,71.0,43.0,32.0,13.0,11.0,3.0,6.0,6.0,6.0,81.0,52.0,34.0,12.0,11.0,6.0,10.0,20.0,2230.0,139.0,505.0,Men
2022-8888,Atp Cup,Hard,16,A,2022-01-03,276,126610,Matteo Berrettini,R,196.0,ITA,25.7,200005,Ugo Humbert,L,188.0,FRA,23.5,6-4 7-6(6),3,RR,95.0,18.0,2.0,63.0,46.0,39.0,10.0,11.0,0.0,0.0,2.0,5.0,73.0,51.0,38.0,12.0,11.0,3.0,4.0,7.0,4568.0,35.0,1558.0,Men
2022-8888,Atp Cup,Hard,16,A,2022-01-03,275,206173,Jannik Sinner,R,188.0,ITA,20.3,126239,Arthur Rinderknech,R,196.0,FRA,26.4,6-3 7-6(3),3,RR,96.0,3.0,3.0,61.0,35.0,30.0,16.0,11.0,1.0,2.0,6.0,1.0,74.0,47.0,35.0,10.0,10.0,4.0,6.0,10.0,3350.0,58.0,1029.0,Men
2022-8888,Atp Cup,Hard,16,A,2022-01-03,268,100644,Alexander Zverev,R,198.0,GER,24.7,111815,Cameron Norrie,L,188.0,GBR,26.3,7-6(2) 6-1,3,RR,87.0,5.0,1.0,59.0,50.0,42.0,4.0,10.0,3.0,3.0,5.0,0.0,62.0,37.0,26.0,13.0,9.0,4.0,6.0,3.0,7840.0,12.0,2945.0,Men
2022-8888,Atp Cup,Hard,16,A,2022-01-03,267,105554,Daniel Evans,R,175.0,GBR,31.6,105526,Jan Lennard Struff,R,193.0,GER,31.6,6-1 6-2,3,RR,69.0,4.0,1.0,43.0,25.0,20.0,12.0,8.0,0.0,0.0,3.0,3.0,49.0,27.0,18.0,7.0,7.0,7.0,11.0,25.0,1942.0,51.0,1134.0,Men
2022-8888,Atp Cup,Hard,16,A,2022-01-03,261,104545,John Isner,R,206.0,USA,36.6,111790,Brayden Schnur,R,193.0,CAN,26.5,6-1 6-3,3,RR,65.0,10.0,0.0,50.0,35.0,28.0,6.0,8.0,1.0,1.0,1.0,4.0,46.0,29.0,18.0,7.0,8.0,4.0,8.0,24.0,1991.0,238.0,264.0,Men
2022-8888,Atp Cup,Hard,16,A,2022-01-03,257,111794,Kamil Majchrzak,R,183.0,POL,25.9,133018,Michail Pervolarakis,R,193.0,CYP,25.5,6-1 6-4,3,RR,79.0,1.0,3.0,51.0,34.0,27.0,8.0,9.0,1.0,2.0,3.0,3.0,58.0,32.0,23.0,6.0,8.0,1.0,5.0,117.0,633.0,399.0,106.0,Men
2022-8888,Atp Cup,Hard,16,A,2022-01-03,256,106043,Diego Schwartzman,R,170.0,ARG,29.3,126774,Stefanos Tsitsipas,R,193.0,GRE,23.3,6-7(5) 6-3 6-3,3,RR,163.0,1.0,2.0,92.0,65.0,50.0,15.0,15.0,3.0,4.0,10.0,3.0,115.0,63.0,44.0,24.0,15.0,9.0,13.0,13.0,2625.0,4.0,6540.0,Men
2022-8888,Atp Cup,Hard,16,A,2022-01-03,247,105643,Federico Delbonis,L,190.0,ARG,31.2,106223,Aleksandre Metreveli,R,183.0,GEO,28.3,6-1 6-2,3,RR,65.0,4.0,2.0,34.0,22.0,19.0,7.0,7.0,0.0,1.0,1.0,2.0,58.0,35.0,17.0,8.0,8.0,3.0,9.0,44.0,1327.0,570.0,55.0,Men
2022-8998,Adelaide 1,Hard,32,A,2022-01-03,300,104792,Gael Monfils,R,193.0,FRA,35.3,111575,Karen Khachanov,R,198.0,RUS,25.6,6-4 6-4,3,F,79.0,6.0,0.0,51.0,37.0,30.0,11.0,10.0,2.0,2.0,4.0,1.0,62.0,36.0,27.0,12.0,10.0,3.0,5.0,21.0,2158.0,29.0,1731.0,Men
2022-8998,Adelaide 1,Hard,32,A,2022-01-03,296,106423,Thanasi Kokkinakis,R,196.0,AUS,25.7,144707,Mikael Ymer,R,183.0,SWE,23.3,7-6(9) 4-6 6-4,3,QF,164.0,15.0,1.0,103.0,74.0,58.0,11.0,16.0,1.0,3.0,4.0,3.0,106.0,75.0,53.0,17.0,16.0,1.0,3.0,171.0,394.0,94.0,782.0,Men
2022-8998,Adelaide 1,Hard,32,A,2022-01-03,295,105227,Marin Cilic,R,198.0,CRO,33.2,111513,Laslo Djere,R,188.0,SRB,26.5,6-3 6-2,3,QF,67.0,7.0,1.0,43.0,29.0,25.0,11.0,9.0,0.0,0.0,5.0,0.0,47.0,28.0,15.0,11.0,8.0,4.0,7.0,30.0,1710.0,52.0,1131.0,Men
2022-8998,Adelaide 1,Hard,32,A,2022-01-03,292,126205,Tommy Paul,R,185.0,USA,24.6,106121,Taro Daniel,R,191.0,JPN,28.9,6-4 6-7(1) 6-4,3,R16,154.0,8.0,4.0,94.0,57.0,43.0,18.0,16.0,1.0,4.0,3.0,3.0,103.0,64.0,49.0,13.0,16.0,3.0,8.0,43.0,1349.0,125.0,584.0,Men
2022-8998,Adelaide 1,Hard,32,A,2022-01-03,287,106078,Egor Gerasimov,R,196.0,BLR,29.1,126149,Gianluca Mager,R,185.0,ITA,27.0,6-1 3-6 6-3,3,R16,100.0,4.0,3.0,76.0,48.0,40.0,14.0,13.0,2.0,3.0,9.0,5.0,72.0,45.0,33.0,11.0,12.0,2.0,5.0,113.0,665.0,62.0,978.0,Men
2022-8998,Adelaide 1,Hard,32,A,2022-01-03,284,207678,Juan Manuel Cerundolo,L,183.0,ARG,20.1,106109,Alex Bolt,L,183.0,AUS,28.9,6-2 6-4,3,R32,79.0,2.0,4.0,71.0,48.0,34.0,10.0,9.0,9.0,10.0,6.0,5.0,49.0,29.0,22.0,7.0,9.0,2.0,6.0,90.0,803.0,137.0,506.0,Men
2022-8998,Adelaide 1,Hard,32,A,2022-01-03,278,126952,Soon Woo Kwon,R,180.0,KOR,24.0,106415,Yoshihito Nishioka,L,170.0,JPN,26.2,6-1 6-2,3,R32,67.0,10.0,1.0,49.0,30.0,23.0,9.0,8.0,1.0,2.0,3.0,3.0,57.0,28.0,13.0,11.0,7.0,7.0,12.0,53.0,1115.0,81.0,823.0,Men
2022-8998,Adelaide 1,Hard,32,A,2022-01-03,276,144895,Corentin Moutet,L,178.0,FRA,22.7,208029,Holger Rune,R,185.0,DEN,18.6,7-6(6) 6-4,3,R32,108.0,2.0,1.0,77.0,56.0,41.0,9.0,11.0,3.0,4.0,3.0,4.0,64.0,36.0,29.0,15.0,11.0,1.0,3.0,92.0,797.0,103.0,740.0,Men
2022-8998,Adelaide 1,Hard,32,A,2022-01-03,275,106329,Thiago Monteiro,L,183.0,BRA,27.5,127157,Daniel Altmaier,R,191.0,GER,23.3,6-2 3-6 7-6(2),3,R32,144.0,9.0,1.0,80.0,53.0,40.0,16.0,14.0,2.0,5.0,8.0,4.0,104.0,70.0,47.0,12.0,15.0,9.0,13.0,89.0,805.0,84.0,813.0,Men
2022-8998,Adelaide 1,Hard,32,A,2022-01-03,271,105449,Steve Johnson,R,188.0,USA,32.0,126846,Aleksandar Vukic,R,188.0,AUS,25.7,6-4 2-6 6-4,3,R32,105.0,10.0,5.0,83.0,47.0,38.0,19.0,14.0,3.0,5.0,9.0,1.0,84.0,54.0,42.0,15.0,14.0,4.0,6.0,85.0,812.0,156.0,440.0,Men
2022-9665,Melbourne,Hard,32,A,2022-01-03,300,104745,Rafael Nadal,L,185.0,ESP,35.5,202195,Maxime Cressy,R,198.0,USA,24.6,7-6(6) 6-3,3,F,107.0,9.0,4.0,64.0,41.0,32.0,15.0,11.0,0.0,1.0,8.0,3.0,70.0,50.0,32.0,12.0,10.0,6.0,8.0,6.0,4875.0,112.0,683.0,Men
2022-9665,Melbourne,Hard,32,A,2022-01-03,296,200325,Emil Ruusuvuori,R,188.0,FIN,22.7,144684,Alex Molcan,L,178.0,SVK,24.0,6-2 6-1,3,QF,67.0,2.0,0.0,40.0,32.0,28.0,5.0,8.0,2.0,2.0,0.0,2.0,42.0,30.0,13.0,6.0,7.0,5.0,9.0,95.0,778.0,88.0,806.0,Men
2022-9665,Melbourne,Hard,32,A,2022-01-03,295,105777,Grigor Dimitrov,R,188.0,BUL,30.6,122298,Botic Van De Zandschulp,R,188.0,NED,26.2,6-7(5) 6-0 7-5,3,QF,164.0,5.0,4.0,89.0,64.0,50.0,13.0,15.0,3.0,5.0,4.0,2.0,124.0,89.0,53.0,17.0,15.0,11.0,17.0,28.0,1801.0,57.0,1034.0,Men
2022-9665,Melbourne,Hard,32,A,2022-01-03,292,134868,Tallon Griekspoor,R,188.0,NED,25.5,200615,Alexei Popyrin,R,196.0,AUS,22.4,6-3 4-6 6-3,3,R16,117.0,5.0,0.0,93.0,59.0,47.0,17.0,14.0,7.0,8.0,15.0,6.0,93.0,53.0,38.0,21.0,14.0,4.0,7.0,65.0,966.0,61.0,1000.0,Men
2022-9665,Melbourne,Hard,32,A,2022-01-03,287,144719,Jaume Munar,R,183.0,ESP,24.6,105967,Henri Laaksonen,R,185.0,SUI,29.7,6-1 7-5,3,R16,83.0,11.0,3.0,54.0,39.0,33.0,5.0,9.0,2.0,3.0,0.0,0.0,69.0,46.0,30.0,4.0,10.0,5.0,10.0,77.0,848.0,98.0,765.0,Men
2022-9665,Melbourne,Hard,32,A,2022-01-03,284,105575,Ricardas Berankis,R,175.0,LTU,31.5,106218,Marcos Giron,R,180.0,USA,28.4,7-5 6-4,3,R32,90.0,1.0,1.0,67.0,41.0,31.0,13.0,11.0,2.0,4.0,5.0,1.0,54.0,29.0,24.0,10.0,11.0,0.0,4.0,104.0,739.0,66.0,929.0,Men
2022-9665,Melbourne,Hard,32,A,2022-01-03,279,111442,Jordan Thompson,R,183.0,AUS,27.7,106331,Christopher Oconnell,R,183.0,AUS,27.5,1-6 7-5 6-4,3,R32,140.0,5.0,3.0,79.0,56.0,44.0,8.0,14.0,2.0,5.0,5.0,1.0,104.0,52.0,36.0,28.0,15.0,11.0,14.0,75.0,860.0,175.0,388.0,Men
2022-9665,Melbourne,Hard,32,A,2022-01-03,277,111456,Mackenzie Mcdonald,R,178.0,USA,26.7,105376,Peter Gojowczyk,R,185.0,GER,32.4,6-0 6-3,3,R32,52.0,7.0,0.0,45.0,31.0,27.0,6.0,8.0,1.0,2.0,0.0,3.0,46.0,22.0,11.0,8.0,7.0,1.0,6.0,55.0,1084.0,86.0,808.0,Men
2022-9665,Melbourne,Hard,32,A,2022-01-03,275,105487,Facundo Bagnis,L,183.0,ARG,31.8,104918,Andy Murray,R,190.0,GBR,34.6,6-3 5-7 6-3,3,R32,146.0,8.0,1.0,104.0,65.0,45.0,22.0,15.0,11.0,13.0,8.0,3.0,88.0,52.0,40.0,16.0,15.0,2.0,6.0,76.0,860.0,134.0,521.0,Men
2022-9667,Adelaide 2,Hard,32,A,2022-01-10,276,126127,Benjamin Bonzi,R,185.0,FRA,25.5,106148,Roberto Carballes Baena,R,183.0,ESP,28.8,6-3 6-3,3,R32,70.0,4.0,0.0,52.0,36.0,29.0,10.0,9.0,0.0,0.0,1.0,1.0,59.0,34.0,25.0,9.0,9.0,6.0,9.0,65.0,969.0,76.0,837.0,Men
2022-9663,Sydney,Hard,32,A,2022-01-10,297,106234,Aslan Karatsev,R,185.0,RUS,28.3,132283,Lorenzo Sonego,R,191.0,ITA,26.6,6-2 3-6 6-2,3,QF,170.0,5.0,3.0,94.0,64.0,41.0,17.0,12.0,7.0,9.0,3.0,4.0,108.0,64.0,41.0,18.0,13.0,20.0,25.0,20.0,2351.0,27.0,1825.0,Men
2022-9663,Sydney,Hard,32,A,2022-01-10,295,124187,Reilly Opelka,R,211.0,USA,24.3,206909,Brandon Nakashima,R,185.0,USA,20.4,7-6(4) 6-2,3,QF,82.0,17.0,0.0,56.0,43.0,37.0,8.0,10.0,0.0,0.0,4.0,0.0,69.0,45.0,31.0,12.0,10.0,3.0,5.0,25.0,1936.0,68.0,917.0,Men
2022-9663,Sydney,Hard,32,A,2022-01-10,287,105676,David Goffin,R,180.0,BEL,31.0,106045,Denis Kudla,R,180.0,USA,29.3,6-2 6-3,3,R16,81.0,8.0,4.0,54.0,28.0,24.0,13.0,8.0,1.0,1.0,3.0,3.0,69.0,43.0,28.0,8.0,9.0,5.0,9.0,45.0,1261.0,109.0,698.0,Men
2022-9663,Sydney,Hard,32,A,2022-01-10,284,200175,Miomir Kecmanovic,R,183.0,SRB,22.3,105882,Stefano Travaglia,R,185.0,ITA,30.0,6-2 6-3,3,R32,63.0,6.0,2.0,46.0,21.0,17.0,17.0,8.0,2.0,2.0,4.0,4.0,56.0,34.0,21.0,7.0,9.0,4.0,8.0,78.0,836.0,86.0,807.0,Men
2022-580,Australian Open,Hard,128,G,2022-01-17,102,106214,Oscar Otte,R,196.0,GER,28.5,202358,Chun Hsin Tseng,R,175.0,TPE,20.4,6-4 6-3 6-2,5,R128,110.0,9.0,5.0,84.0,51.0,42.0,12.0,14.0,7.0,10.0,0.0,4.0,88.0,42.0,23.0,21.0,13.0,6.0,13.0,96.0,748.0,190.0,348.0,Men
2022-580,Australian Open,Hard,128,G,2022-01-17,105,122330,Alexander Bublik,R,196.0,KAZ,24.5,124014,Ernesto Escobedo,R,185.0,USA,25.5,3-6 7-6(5) 6-3 6-3,5,R128,152.0,30.0,11.0,130.0,80.0,69.0,18.0,20.0,7.0,9.0,3.0,5.0,130.0,85.0,60.0,23.0,19.0,7.0,11.0,37.0,1411.0,141.0,497.0,Men
2022-580,Australian Open,Hard,128,G,2022-01-17,114,111578,Stefan Kozlov,R,183.0,USA,23.9,106210,Jiri Vesely,L,198.0,CZE,28.5,7-5 6-3 6-4,5,R128,155.0,5.0,7.0,96.0,66.0,52.0,18.0,16.0,4.0,4.0,3.0,4.0,98.0,58.0,45.0,18.0,15.0,5.0,8.0,169.0,401.0,78.0,824.0,Men
2022-580,Australian Open,Hard,128,G,2022-01-17,117,105357,John Millman,R,183.0,AUS,32.5,103852,Feliciano Lopez,L,188.0,ESP,40.3,6-1 6-3 4-6 7-5,5,R128,172.0,6.0,0.0,121.0,77.0,55.0,25.0,19.0,5.0,7.0,26.0,5.0,132.0,78.0,57.0,18.0,19.0,15.0,21.0,89.0,788.0,109.0,696.0,Men
2022-580,Australian Open,Hard,128,G,2022-01-17,121,136440,Dominik Koepfer,L,180.0,GER,27.7,126535,Carlos Taberner,R,183.0,ESP,24.4,6-1 3-6 6-4 6-1,5,R128,147.0,7.0,5.0,88.0,60.0,47.0,14.0,17.0,2.0,4.0,3.0,6.0,101.0,51.0,35.0,19.0,16.0,3.0,10.0,53.0,1096.0,108.0,707.0,Men
2022-580,Australian Open,Hard,128,G,2022-01-17,125,105173,Adrian Mannarino,L,183.0,FRA,33.5,105902,James Duckworth,R,183.0,AUS,29.9,6-4 2-6 3-6 6-2 6-1,5,R128,188.0,18.0,3.0,129.0,79.0,55.0,24.0,21.0,11.0,17.0,14.0,6.0,137.0,71.0,45.0,30.0,21.0,7.0,15.0,69.0,879.0,49.0,1166.0,Men
2022-580,Australian Open,Hard,128,G,2022-01-17,133,104665,Pablo Andujar,R,180.0,ESP,35.9,106000,Damir Dzumhur,R,172.0,BIH,29.6,6-1 7-5 6-1,5,R128,109.0,0.0,0.0,73.0,62.0,48.0,7.0,13.0,3.0,3.0,1.0,2.0,80.0,55.0,29.0,13.0,13.0,1.0,7.0,83.0,800.0,161.0,429.0,Men
2022-580,Australian Open,Hard,128,G,2022-01-17,135,200282,Alex De Minaur,R,183.0,AUS,22.9,207518,Lorenzo Musetti,R,185.0,ITA,19.8,3-6 6-3 6-0 6-3,5,R128,150.0,4.0,0.0,92.0,63.0,42.0,19.0,17.0,3.0,6.0,2.0,2.0,113.0,69.0,38.0,20.0,16.0,13.0,21.0,42.0,1316.0,60.0,1004.0,Men
2022-580,Australian Open,Hard,128,G,2022-01-17,141,104259,Philipp Kohlschreiber,R,178.0,GER,38.2,106065,Marco Cecchinato,R,185.0,ITA,29.2,6-4 7-5 7-6(0),5,R128,128.0,10.0,3.0,93.0,65.0,58.0,16.0,17.0,1.0,1.0,7.0,2.0,106.0,66.0,45.0,23.0,17.0,5.0,7.0,134.0,533.0,95.0,759.0,Men
2022-580,Australian Open,Hard,128,G,2022-01-17,142,126207,Frances Tiafoe,R,188.0,USA,23.9,105477,Marco Trungelliti,R,178.0,ARG,31.9,3-6 6-4 6-2 3-6 6-3,5,R128,172.0,7.0,3.0,145.0,88.0,69.0,25.0,23.0,3.0,6.0,14.0,4.0,130.0,84.0,63.0,20.0,22.0,8.0,12.0,34.0,1467.0,198.0,326.0,Men
2022-580,Australian Open,Hard,128,G,2022-01-17,143,126203,Taylor Fritz,R,193.0,USA,24.2,109739,Maximilian Marterer,L,191.0,GER,26.5,7-6(8) 6-3 6-2,5,R128,113.0,16.0,0.0,75.0,50.0,44.0,17.0,15.0,2.0,3.0,4.0,2.0,100.0,53.0,36.0,22.0,14.0,3.0,8.0,22.0,2175.0,228.0,279.0,Men
2022-580,Australian Open,Hard,128,G,2022-01-17,146,202104,Sebastian Baez,R,170.0,ARG,21.0,105077,Albert Ramos,L,188.0,ESP,34.0,6-4 4-6 6-3 1-6 6-2,5,R128,206.0,3.0,2.0,141.0,112.0,70.0,9.0,22.0,5.0,13.0,1.0,4.0,156.0,107.0,61.0,22.0,22.0,11.0,20.0,88.0,791.0,44.0,1259.0,Men
2022-580,Australian Open,Hard,128,G,2022-01-17,150,105613,Norbert Gombos,R,193.0,SVK,31.4,207608,Timofey Skatov,R,173.0,RUS,20.9,6-3 6-2 1-6 6-4,5,R128,173.0,5.0,5.0,99.0,68.0,47.0,18.0,17.0,6.0,9.0,0.0,3.0,124.0,92.0,52.0,18.0,17.0,11.0,16.0,117.0,624.0,253.0,240.0,Men
2022-580,Australian Open,Hard,128,G,2022-01-17,162,106401,Nick Kyrgios,R,193.0,AUS,26.7,106281,Liam Broady,L,183.0,GBR,28.0,6-4 6-4 6-3,5,R128,114.0,21.0,1.0,72.0,58.0,47.0,11.0,15.0,1.0,1.0,6.0,2.0,88.0,55.0,36.0,20.0,14.0,4.0,8.0,115.0,648.0,128.0,569.0,Men
2022-580,Australian Open,Hard,128,G,2022-01-17,167,106426,Cristian Garin,R,185.0,CHI,25.6,124079,Pedro Martinez,R,185.0,ESP,24.7,6-7(1) 7-6(4) 2-6 6-2 6-2,5,R64,275.0,11.0,8.0,180.0,111.0,74.0,34.0,24.0,13.0,18.0,7.0,11.0,165.0,99.0,72.0,30.0,24.0,4.0,11.0,19.0,2375.0,61.0,1001.0,Men
2022-9158,Cordoba,Clay,32,A,2022-01-31,294,106228,Juan Ignacio Londero,R,180.0,ARG,28.4,110748,Nikola Milojevic,R,188.0,SRB,26.6,6-4 7-5,3,QF,95.0,7.0,1.0,67.0,40.0,34.0,10.0,11.0,2.0,4.0,5.0,4.0,60.0,39.0,24.0,10.0,11.0,0.0,4.0,139.0,512.0,136.0,525.0,Men
2022-9158,Cordoba,Clay,32,A,2022-01-31,284,126663,Juan Pablo Ficovich,R,191.0,ARG,25.0,105948,Federico Coria,R,180.0,ARG,29.8,7-6(5) 6-2,3,R32,105.0,3.0,0.0,75.0,53.0,39.0,9.0,10.0,4.0,5.0,2.0,1.0,61.0,40.0,25.0,10.0,10.0,0.0,3.0,230.0,277.0,64.0,971.0,Men
2022-9158,Cordoba,Clay,32,A,2022-01-31,283,123755,Daniel Elahi Galan,R,191.0,COL,25.6,106198,Hugo Dellien,R,180.0,BOL,28.6,7-5 6-3,3,R32,85.0,6.0,1.0,58.0,34.0,28.0,17.0,11.0,1.0,1.0,3.0,2.0,64.0,45.0,34.0,6.0,10.0,6.0,8.0,127.0,582.0,109.0,684.0,Men
2022-9158,Cordoba,Clay,32,A,2022-01-31,271,144869,Tomas Martin Etcheverry,R,196.0,ARG,22.5,111797,Nicolas Jarry,R,198.0,CHI,26.3,2-6 6-3 6-4,3,R32,130.0,3.0,7.0,70.0,53.0,41.0,8.0,14.0,0.0,2.0,10.0,5.0,80.0,48.0,37.0,14.0,13.0,6.0,8.0,128.0,574.0,149.0,460.0,Men
2022-0375,Montpellier,Hard,32,A,2022-01-31,276,104542,Jo-Wilfried Tsonga,R,188.0,FRA,36.7,200390,Kacper Zuk,R,183.0,POL,23.0,6-4 6-4,3,R32,85.0,7.0,4.0,59.0,27.0,25.0,17.0,10.0,5.0,6.0,2.0,3.0,69.0,46.0,29.0,11.0,10.0,8.0,11.0,259.0,225.0,172.0,379.0,Men
2022-0375,Montpellier,Hard,32,A,2022-01-31,271,104468,Gilles Simon,R,183.0,FRA,37.0,106298,Lucas Pouille,R,185.0,FRA,27.9,7-6(4) 5-7 6-4,3,R32,174.0,6.0,2.0,120.0,83.0,56.0,20.0,17.0,6.0,9.0,1.0,4.0,122.0,63.0,47.0,26.0,17.0,5.0,8.0,130.0,553.0,156.0,442.0,Men
2022-0891,Pune,Hard,32,A,2022-01-31,299,105311,Joao Sousa,R,185.0,POR,32.8,111200,Elias Ymer,R,183.0,SWE,25.8,5-7 7-6(4) 7-5,3,SF,193.0,4.0,1.0,138.0,69.0,46.0,34.0,18.0,8.0,13.0,9.0,7.0,110.0,66.0,48.0,22.0,18.0,6.0,11.0,137.0,522.0,163.0,410.0,Men
2022-0891,Pune,Hard,32,A,2022-01-31,283,106026,Yuki Bhambri,R,183.0,IND,29.5,106075,Jozef Kovalik,R,183.0,SVK,29.2,6-7(10) 6-2 7-5,3,R32,186.0,3.0,6.0,141.0,89.0,65.0,23.0,16.0,16.0,18.0,5.0,5.0,115.0,78.0,49.0,22.0,16.0,4.0,9.0,862.0,18.0,168.0,390.0,Men
2022-0891,Pune,Hard,32,A,2022-01-31,279,105430,Radu Albot,R,175.0,MDA,32.2,105943,Federico Gaio,R,180.0,ITA,29.9,6-2 7-6(3),3,R32,108.0,3.0,0.0,72.0,50.0,37.0,10.0,10.0,3.0,4.0,4.0,2.0,72.0,33.0,26.0,15.0,10.0,7.0,10.0,108.0,695.0,174.0,371.0,Men
2022-0891,Pune,Hard,32,A,2022-01-31,276,200240,Vit Kopriva,U,178.0,CZE,24.6,117356,Cem Ilkel,R,185.0,TUR,26.4,6-4 6-2,3,R32,78.0,2.0,1.0,46.0,27.0,23.0,10.0,9.0,1.0,2.0,4.0,4.0,58.0,38.0,24.0,6.0,9.0,2.0,6.0,193.0,338.0,183.0,352.0,Men
2022-0891,Pune,Hard,32,A,2022-01-31,275,126523,Bernabe Zapata Miralles,R,185.0,ESP,25.0,110602,Dennis Novak,R,183.0,AUT,28.4,6-4 6-1,3,R32,62.0,4.0,2.0,57.0,37.0,25.0,12.0,9.0,3.0,4.0,3.0,2.0,41.0,31.0,20.0,2.0,8.0,3.0,7.0,126.0,586.0,117.0,616.0,Men
2022-0407,Rotterdam,Hard,32,A,2022-02-07,294,126094,Andrey Rublev,R,188.0,RUS,24.3,105916,Marton Fucsovics,R,188.0,HUN,29.9,6-4 6-3,3,QF,74.0,2.0,0.0,43.0,32.0,28.0,8.0,9.0,0.0,0.0,2.0,4.0,64.0,40.0,26.0,11.0,10.0,4.0,7.0,7.0,4565.0,38.0,1357.0,Men
2022-0407,Rotterdam,Hard,32,A,2022-02-07,284,125802,Ilya Ivashka,R,193.0,BLR,27.9,144750,Lloyd Harris,R,193.0,RSA,24.9,6-2 6-3,3,R32,71.0,2.0,1.0,52.0,29.0,21.0,14.0,9.0,0.0,1.0,1.0,4.0,51.0,33.0,22.0,5.0,8.0,5.0,9.0,48.0,1134.0,35.0,1477.0,Men
2022-0424,Dallas,Hard,32,A,2022-02-07,291,202385,Jenson Brooksby,R,188.0,USA,21.2,104312,Andreas Seppi,R,190.0,ITA,37.9,6-3 3-6 6-3,3,R16,125.0,5.0,0.0,76.0,46.0,38.0,15.0,14.0,1.0,3.0,3.0,1.0,84.0,50.0,34.0,17.0,13.0,4.0,7.0,54.0,1083.0,100.0,704.0,Men
2022-0424,Dallas,Hard,32,A,2022-02-07,289,105577,Vasek Pospisil,R,193.0,CAN,31.6,200514,Jurij Rodionov,L,191.0,AUT,22.7,6-7(3) 7-6(6) 6-2,3,R16,166.0,18.0,2.0,113.0,69.0,55.0,20.0,16.0,4.0,5.0,11.0,3.0,106.0,64.0,48.0,22.0,16.0,2.0,5.0,150.0,454.0,153.0,449.0,Men
2022-0424,Dallas,Hard,32,A,2022-02-07,275,104731,Kevin Anderson,R,203.0,RSA,35.7,105023,Sam Querrey,R,198.0,USA,34.3,6-4 6-4,3,R32,61.0,21.0,1.0,47.0,34.0,30.0,10.0,10.0,0.0,0.0,11.0,0.0,54.0,34.0,28.0,9.0,10.0,0.0,2.0,101.0,699.0,118.0,605.0,Men
2022-0451,Doha,Hard,32,A,2022-02-14,272,200221,Alejandro Davidovich Fokina,R,183.0,ESP,22.6,104291,Malek Jaziri,R,185.0,TUN,38.0,6-1 6-3,3,R32,59.0,8.0,1.0,42.0,20.0,19.0,14.0,8.0,0.0,0.0,3.0,0.0,45.0,23.0,13.0,10.0,8.0,1.0,5.0,47.0,1160.0,303.0,169.0,Men
2022-6932,Rio de Janeiro,Clay,32,A,2022-02-14,299,207989,Carlos Alcaraz,R,185.0,ESP,18.7,104926,Fabio Fognini,R,178.0,ITA,34.7,6-2 7-5,3,SF,105.0,0.0,3.0,76.0,52.0,35.0,13.0,10.0,5.0,6.0,1.0,2.0,68.0,35.0,22.0,15.0,10.0,6.0,10.0,29.0,1673.0,38.0,1359.0,Men
2022-6932,Rio de Janeiro,Clay,32,A,2022-02-14,271,202103,Francisco Cerundolo,R,185.0,ARG,23.5,105332,Benoit Paire,R,196.0,FRA,32.7,6-3 4-6 6-2,3,R32,128.0,3.0,5.0,77.0,46.0,31.0,16.0,13.0,4.0,7.0,9.0,6.0,124.0,55.0,34.0,31.0,14.0,11.0,17.0,100.0,698.0,52.0,1120.0,Men
2022-0496,Marseille,Hard,32,A,2022-02-14,276,105732,Pierre Hugues Herbert,R,188.0,FRA,30.9,105062,Mikhail Kukushkin,R,183.0,KAZ,34.1,7-6(5) 7-5,3,R32,114.0,8.0,2.0,67.0,41.0,30.0,18.0,12.0,0.0,2.0,6.0,0.0,75.0,47.0,29.0,18.0,12.0,2.0,5.0,109.0,636.0,168.0,380.0,Men
2022-8996,Santiago,Clay,32,A,2022-02-21,290,105870,Yannick Hanfmann,R,193.0,GER,30.2,205734,Thiago Seyboth Wild,R,185.0,BRA,21.9,6-1 6-3,3,R16,65.0,5.0,0.0,45.0,28.0,25.0,9.0,8.0,3.0,3.0,3.0,1.0,48.0,29.0,16.0,8.0,8.0,2.0,6.0,115.0,600.0,135.0,497.0,Men
2022-0404,Indian Wells Masters,Hard,128,M,2022-03-07,231,200670,J J Wolf,R,183.0,USA,23.2,200384,Hugo Gaston,L,173.0,FRA,21.4,7-5 6-4,3,R128,92.0,7.0,4.0,63.0,36.0,26.0,14.0,11.0,1.0,3.0,3.0,5.0,83.0,45.0,32.0,12.0,11.0,9.0,13.0,209.0,274.0,68.0,887.0,Men
2022-0403,Miami Masters,Hard,128,M,2022-03-21,175,106432,Borna Coric,R,188.0,CRO,25.3,104269,Fernando Verdasco,L,188.0,ESP,38.3,6-4 7-5,3,R128,110.0,5.0,1.0,66.0,43.0,29.0,14.0,11.0,3.0,5.0,3.0,2.0,72.0,53.0,34.0,5.0,11.0,3.0,7.0,166.0,359.0,123.0,540.0,Men
2022-0717,Houston,Clay,32,A,2022-04-04,280,106283,Mitchell Krueger,R,188.0,USA,28.2,122669,Juan Pablo Varillas,R,185.0,PER,26.4,5-1 RET,3,R32,24.0,2.0,0.0,18.0,9.0,6.0,7.0,3.0,1.0,1.0,1.0,1.0,13.0,7.0,1.0,3.0,3.0,0.0,2.0,161.0,383.0,111.0,618.0,Men
2022-0717,Houston,Clay,32,A,2022-04-04,276,104655,Pablo Cuevas,R,180.0,URU,36.2,126845,Max Purcell,R,185.0,AUS,24.0,7-6(7) 6-3,3,R32,104.0,1.0,1.0,76.0,55.0,40.0,12.0,11.0,4.0,6.0,4.0,1.0,76.0,54.0,36.0,9.0,10.0,4.0,7.0,105.0,662.0,164.0,360.0,Men
2022-0360,Marrakech,Clay,32,A,2022-04-04,288,104755,Richard Gasquet,R,185.0,FRA,35.7,200303,Pavel Kotov,R,191.0,RUS,23.3,6-3 3-6 6-3,3,R16,108.0,4.0,2.0,73.0,37.0,29.0,20.0,14.0,6.0,9.0,5.0,2.0,67.0,40.0,31.0,10.0,13.0,1.0,5.0,86.0,764.0,172.0,341.0,Men
2022-0416,Rome Masters,Clay,64,M,2022-05-09,293,104925,Novak Djokovic,R,188.0,SRB,34.9,104527,Stan Wawrinka,R,183.0,SUI,37.1,6-2 6-2,3,R16,75.0,2.0,0.0,48.0,36.0,27.0,6.0,8.0,3.0,4.0,1.0,4.0,57.0,24.0,14.0,12.0,8.0,2.0,7.0,1.0,8260.0,361.0,119.0,Men
2022-0322,Geneva,Clay,32,A,2022-05-16,276,126627,Johan Nikles,R,170.0,SUI,25.1,209857,Leandro Riedi,R,191.0,SUI,20.2,5-7 7-6(3) 7-5,3,R32,151.0,1.0,0.0,112.0,76.0,49.0,20.0,18.0,6.0,10.0,3.0,7.0,124.0,74.0,51.0,24.0,18.0,4.0,8.0,317.0,156.0,301.0,162.0,Men
2022-520,Roland Garros,Clay,128,G,2022-05-23,110,127339,Borna Gojo,R,196.0,CRO,24.2,105561,Alessandro Giannessi,L,183.0,ITA,31.9,6-4 6-7(3) 6-7(4) 7-6(4) 6-4,5,R128,,18.0,7.0,190.0,130.0,90.0,28.0,27.0,11.0,16.0,9.0,9.0,216.0,152.0,97.0,36.0,28.0,23.0,30.0,223.0,249.0,173.0,334.0,Men
2022-0440,s Hertogenbosch,Grass,32,A,2022-06-06,275,126646,Tim Van Rijthoven,R,188.0,NED,25.1,105051,Matthew Ebden,R,188.0,AUS,34.5,7-6(4) 7-6(9),3,R32,113.0,13.0,3.0,84.0,49.0,37.0,24.0,12.0,1.0,2.0,5.0,3.0,78.0,54.0,45.0,13.0,12.0,0.0,1.0,205.0,298.0,432.0,92.0,Men
2022-540,Wimbledon,Grass,128,G,2022-06-27,104,105932,Nikoloz Basilashvili,R,185.0,GEO,30.3,104586,Lukas Rosol,R,196.0,CZE,36.9,6-7(4) 7-6(6) 3-6 6-3 6-3,5,R128,166.0,16.0,11.0,166.0,95.0,72.0,35.0,26.0,5.0,9.0,10.0,6.0,146.0,101.0,81.0,16.0,27.0,4.0,10.0,26.0,1473.0,280.0,181.0,Men
2022-540,Wimbledon,Grass,128,G,2022-06-27,113,106328,Christian Harrison,R,178.0,USA,28.0,126652,Jay Clarke,R,183.0,GBR,23.9,7-6(3) 6-1 7-6(6),5,R128,144.0,7.0,3.0,103.0,70.0,50.0,20.0,18.0,0.0,2.0,7.0,4.0,108.0,63.0,41.0,25.0,15.0,8.0,12.0,251.0,210.0,156.0,361.0,Men
2022-540,Wimbledon,Grass,128,G,2022-06-27,133,126409,Hugo Grenier,R,196.0,FRA,26.2,144817,Marc Andrea Huesler,L,196.0,SUI,26.0,6-3 7-6(0) 6-7(5) 2-6 6-4,5,R128,218.0,15.0,5.0,155.0,110.0,89.0,21.0,25.0,4.0,7.0,11.0,12.0,168.0,89.0,67.0,44.0,28.0,7.0,11.0,141.0,424.0,105.0,546.0,Men
2022-540,Wimbledon,Grass,128,G,2022-06-27,137,207733,Jack Draper,L,191.0,GBR,20.5,200267,Zizou Bergs,R,185.0,BEL,23.0,6-4 6-4 7-6(4),5,R128,145.0,10.0,4.0,106.0,58.0,45.0,29.0,17.0,3.0,4.0,7.0,2.0,97.0,65.0,46.0,17.0,16.0,2.0,5.0,94.0,627.0,146.0,403.0,Men
2022-540,Wimbledon,Grass,128,G,2022-06-27,208,106186,Jason Kubler,R,178.0,AUS,29.1,106058,Jack Sock,R,185.0,USA,29.7,6-2 4-6 5-7 7-6(4) 6-3,5,R32,255.0,14.0,3.0,160.0,102.0,78.0,29.0,25.0,4.0,7.0,23.0,5.0,164.0,116.0,82.0,27.0,27.0,10.0,15.0,99.0,580.0,103.0,557.0,Men
2022-0319,Kitzbuhel,Clay,32,A,2022-07-25,287,106233,Dominic Thiem,R,185.0,AUT,28.8,124116,Sebastian Ofner,R,191.0,AUT,26.2,6-2 3-6 6-3,3,R16,117.0,3.0,2.0,85.0,58.0,39.0,13.0,13.0,5.0,8.0,3.0,5.0,75.0,41.0,28.0,13.0,13.0,4.0,9.0,199.0,266.0,235.0,218.0,Men
2022-0439,Umag,Clay,32,A,2022-07-25,279,206748,Giulio Zeppieri,L,185.0,ITA,20.6,106398,Pedro Cachin,R,185.0,ARG,27.2,3-6 6-1 6-4,3,R32,114.0,5.0,1.0,68.0,50.0,42.0,9.0,13.0,1.0,2.0,11.0,6.0,80.0,44.0,35.0,17.0,13.0,5.0,8.0,168.0,318.0,90.0,606.0,Men
2022-0418,Washington,Hard,64,A,2022-08-01,259,106378,Kyle Edmund,R,188.0,GBR,27.5,133297,Yosuke Watanuki,R,180.0,JPN,24.3,6-4 7-6(8),3,R64,121.0,9.0,5.0,92.0,55.0,44.0,14.0,11.0,5.0,6.0,9.0,5.0,77.0,38.0,28.0,21.0,11.0,1.0,3.0,639.0,34.0,239.0,212.0,Men
2022-560,Us Open,Hard,128,G,2022-08-29,165,200059,Yibing Wu,R,183.0,CHN,22.8,132686,Nuno Borges,R,185.0,POR,25.5,6-7(3) 7-6(4) 4-6 6-4 6-4,5,R64,226.0,11.0,11.0,185.0,111.0,77.0,41.0,28.0,6.0,10.0,9.0,5.0,183.0,111.0,69.0,44.0,28.0,11.0,16.0,174.0,301.0,104.0,513.0,Men
2022-7434,Sofia,Hard,32,A,2022-09-26,275,200247,Alexandar Lazarov,R,185.0,BUL,24.8,208103,Jiri Lehecka,R,185.0,CZE,20.8,7-5 6-3,3,R32,90.0,6.0,1.0,66.0,43.0,32.0,15.0,11.0,1.0,2.0,4.0,2.0,73.0,48.0,28.0,13.0,10.0,5.0,8.0,334.0,139.0,74.0,693.0,Men
2022-4138,Tel Aviv,Hard,32,A,2022-09-26,283,122548,Edan Leshem,U,183.0,ISR,25.5,200075,Yshai Oliel,L,188.0,ISR,22.7,6-3 6-2,3,R32,85.0,1.0,0.0,51.0,33.0,30.0,9.0,9.0,3.0,3.0,1.0,4.0,52.0,31.0,19.0,9.0,8.0,6.0,9.0,446.0,87.0,383.0,116.0,Men
2022-0329,Tokyo,Hard,32,A,2022-10-03,275,105655,Hiroki Moriya,R,170.0,JPN,31.9,202122,Yuta Shimizu,L,163.0,JPN,23.3,6-1 6-3,3,R32,79.0,2.0,1.0,50.0,35.0,27.0,6.0,8.0,4.0,5.0,1.0,3.0,58.0,29.0,15.0,12.0,8.0,2.0,7.0,253.0,193.0,451.0,85.0,Men
2022-M-DC-2022-QLS-M-CAN-NED-01,Davis Cup QLS R1: CAN vs NED,Clay,4,D,2022-03-04,4,104898,Robin Haase,R,190.0,NED,34.8,105731,Steven Diez,R,180.0,CAN,30.9,6-1 6-2,3,RR,55.0,3.0,2.0,46.0,25.0,20.0,12.0,8.0,0.0,0.0,1.0,1.0,44.0,27.0,16.0,5.0,7.0,1.0,5.0,255.0,213.0,294.0,166.0,Men
2022-M-DC-2022-QLS-M-USA-COL-01,Davis Cup QLS R1: USA vs COL,Hard,4,D,2022-03-04,1,200624,Sebastian Korda,R,196.0,USA,21.6,200711,Nicolas Mejia,R,185.0,COL,22.0,6-4 1-6 6-4,3,RR,121.0,12.0,5.0,64.0,39.0,32.0,10.0,14.0,3.0,7.0,6.0,5.0,98.0,52.0,39.0,18.0,13.0,10.0,14.0,40.0,1295.0,265.0,198.0,Men
2022-M-DC-2022-WG1-M-BIH-MEX-01,Davis Cup WG1 R1: BIH vs MEX,Clay,4,D,2022-09-16,1,123983,Nerman Fatic,U,191.0,BIH,27.8,126204,Gerardo Lopez Villasenor,U,191.0,MEX,27.3,6-3 6-4,3,RR,,,,,,,,,,,,,,,,,,,,257.0,195.0,819.0,19.0,Men
2022-M-DC-2022-WG1-M-FIN-NZL-01,Davis Cup WG1 R1: FIN vs NZL,Hard,4,D,2022-09-16,2,202261,Otto Virtanen,R,191.0,FIN,21.2,208055,Ajeet Rai,R,188.0,NZL,23.6,6-4 6-3,3,RR,,,,,,,,,,,,,,,,,,,,252.0,199.0,679.0,32.0,Men
2022-M-DC-2022-WG1-M-IND-NOR-01,Davis Cup WG1 R1: IND vs NOR,Hard,4,D,2022-09-16,4,111576,Sumit Nagal,R,178.0,IND,25.0,206716,Lukas Hellum Lilleengen,U,180.0,NOR,21.8,6-2 6-1,3,RR,,,,,,,,,,,,,,,,,,,,483.0,70.0,1211.0,5.0,Men
2022-M-DC-2022-WG1-PO-UZB-TUR-01,Davis Cup WG1 PO: UZB vs TUR,Hard,4,D,2022-03-04,4,123795,Altug Celikbilek,U,183.0,TUR,25.4,122109,Sanjar Fayziev,U,188.0,UZB,27.5,4-6 6-1 6-4,3,RR,126.0,15.0,3.0,77.0,53.0,44.0,11.0,14.0,2.0,4.0,4.0,2.0,99.0,63.0,39.0,18.0,13.0,4.0,8.0,159.0,390.0,510.0,62.0,Men
2022-M-DC-2022-WG2-M-BAR-IRL-01,Davis Cup WG2 R1: BAR vs IRL,Hard,4,D,2022-09-16,2,105985,Darian King,R,188.0,BAR,30.3,200279,Osgar Ohoisin,R,193.0,IRL,26.0,7-6(7) 6-3,3,RR,,,,,,,,,,,,,,,,,,,,868.0,15.0,811.0,20.0,Men
2022-M-DC-2022-WG2-M-DOM-LAT-01,Davis Cup WG2 R1: DOM vs LAT,Hard,4,D,2022-09-16,1,207669,Robert Strombachs,U,191.0,GER,22.9,126209,Peter Bertran,,183.0,DOM,26.5,6-3 6-1,3,RR,,,,,,,,,,,,,,,,,,,,561.0,51.0,552.0,52.0,Men
2022-M-DC-2022-WG2-M-LBN-MON-01,Davis Cup WG2 R1: LBN vs MON,Hard,4,D,2022-09-16,2,133975,Benjamin Hassan,R,183.0,GER,27.6,200031,Lucas Catarina,R,185.0,MON,26.0,6-3 6-1,3,RR,,,,,,,,,,,,,,,,,,,,285.0,174.0,499.0,65.0,Men
2022-M-DC-2022-WG2-M-SLO-EST-01,Davis Cup WG2 R1: SLO vs EST,Clay,4,D,2022-09-16,2,105379,Aljaz Bedene,R,181.0,SLO,33.1,144932,Kristjan Tamm,U,185.0,EST,24.2,6-7(5) 6-3 6-4,3,RR,,,,,,,,,,,,,,,,,,,,330.0,140.0,970.0,11.0,Men
2022-M-DC-2022-WG2-M-URU-CHN-01,Davis Cup WG2 R1: URU vs CHN,Clay,4,D,2022-09-16,1,111190,Zhizhen Zhang,R,193.0,CHN,25.9,202378,Ignacio Carou,U,178.0,ARG,23.1,6-2 6-2,3,RR,,,,,,,,,,,,,,,,,,,,122.0,436.0,617.0,42.0,Men
2022-M-DC-2022-WG2-PO-EGY-CYP-01,Davis Cup WG2 PO: EGY vs CYP,Clay,4,D,2022-03-04,2,117365,Petros Chrysochos,R,185.0,CYP,25.8,105747,Karim Mohamed Maamoun,R,175.0,EGY,30.8,6-3 6-4,3,RR,85.0,2.0,0.0,69.0,43.0,32.0,13.0,10.0,5.0,7.0,0.0,1.0,57.0,38.0,21.0,10.0,9.0,4.0,8.0,486.0,69.0,626.0,43.0,Men
2022-M-DC-2022-WG2-PO-GRE-JAM-01,Davis Cup WG2 PO: GRE vs JAM,Clay,4,D,2022-03-04,2,209080,Blaise Bicknell,R,188.0,USA,20.2,202065,Petros Tsitsipas,U,185.0,GRE,21.5,6-3 7-5,3,RR,95.0,1.0,4.0,63.0,38.0,31.0,11.0,11.0,3.0,5.0,0.0,2.0,64.0,38.0,23.0,14.0,10.0,0.0,4.0,1130.0,8.0,808.0,23.0,Men
2022-2014,Adelaide 1,Hard,30,P,2022-01-03,300,202458,Ashleigh Barty,R,166.0,AUS,25.6,214981,Elena Rybakina,R,184.0,KAZ,22.5,6-3 6-2,3,F,64.0,6.0,2.0,52.0,28.0,21.0,18.0,9.0,2.0,2.0,6.0,2.0,45.0,19.0,16.0,11.0,8.0,0.0,3.0,1.0,7582.0,14.0,2855.0,Women
2022-2014,Adelaide 1,Hard,30,P,2022-01-03,296,216347,Iga Swiatek,R,176.0,POL,20.5,201458,Victoria Azarenka,R,180.0,BLR,32.4,6-3 2-6 6-1,3,QF,117.0,4.0,1.0,73.0,45.0,27.0,16.0,12.0,1.0,4.0,2.0,3.0,78.0,45.0,30.0,12.0,12.0,6.0,11.0,9.0,3786.0,27.0,2166.0,Women
2022-2014,Adelaide 1,Hard,30,P,2022-01-03,294,201595,Misaki Doi,L,159.0,JPN,30.6,215219,Kaja Juvan,R,170.0,SLO,21.1,6-3 4-6 7-6(5),3,QF,168.0,0.0,7.0,133.0,82.0,53.0,27.0,16.0,16.0,19.0,9.0,3.0,96.0,57.0,39.0,22.0,15.0,2.0,5.0,105.0,771.0,100.0,788.0,Women
2022-2014,Adelaide 1,Hard,30,P,2022-01-03,292,213550,Sofia Kenin,R,170.0,USA,23.1,201548,Ajla Tomljanovic,R,180.0,AUS,28.6,3-6 7-6(5) 6-3,3,R16,150.0,5.0,7.0,121.0,80.0,44.0,20.0,16.0,10.0,16.0,10.0,7.0,104.0,59.0,38.0,17.0,14.0,4.0,9.0,12.0,2971.0,45.0,1395.0,Women
2022-2014,Adelaide 1,Hard,30,P,2022-01-03,288,201603,Shelby Rogers,R,175.0,USA,29.2,206289,Maria Sakkari,R,172.0,GRE,26.4,7-6(5) 2-6 6-4,3,R16,138.0,5.0,2.0,100.0,66.0,42.0,13.0,15.0,8.0,13.0,9.0,0.0,87.0,67.0,43.0,11.0,15.0,1.0,5.0,40.0,1583.0,6.0,4385.0,Women
2022-2014,Adelaide 1,Hard,30,P,2022-01-03,280,211880,Priscilla Hon,R,171.0,AUS,23.6,201520,Petra Kvitova,L,183.0,CZE,31.8,6-7(4) 7-5 6-2,3,R32,140.0,8.0,4.0,100.0,57.0,48.0,25.0,16.0,1.0,2.0,9.0,4.0,101.0,62.0,45.0,20.0,16.0,2.0,6.0,263.0,266.0,17.0,2660.0,Women
2022-2014,Adelaide 1,Hard,30,P,2022-01-03,279,220367,Leylah Fernandez,L,168.0,CAN,19.3,206420,Ekaterina Alexandrova,R,175.0,RUS,27.1,6-3 6-4,3,R32,77.0,4.0,3.0,55.0,29.0,25.0,15.0,10.0,0.0,0.0,2.0,7.0,61.0,33.0,23.0,13.0,9.0,6.0,8.0,24.0,2284.0,34.0,1736.0,Women
2022-2014,Adelaide 1,Hard,30,P,2022-01-03,276,213631,Marie Bouzkova,R,180.0,CZE,23.4,202604,Despina Papamichail,R,178.0,GRE,28.8,6-3 6-0,3,R32,73.0,1.0,0.0,40.0,29.0,24.0,8.0,8.0,0.0,0.0,0.0,1.0,48.0,28.0,14.0,9.0,7.0,3.0,7.0,90.0,838.0,182.0,370.0,Women
2022-2058,Melbourne 1,Hard,32,I,2022-01-03,300,206368,Veronika Kudermetova,R,175.0,RUS,24.6,211768,Naomi Osaka,R,180.0,JPN,24.2,W/O,3,SF,1.0,,,,,,,,,,,,,,,,,,,31.0,1870.0,13.0,2956.0,Women
2022-2058,Melbourne 1,Hard,32,I,2022-01-03,295,201594,Simona Halep,R,168.0,ROU,30.2,203530,Viktorija Golubic,R,169.0,SUI,29.2,6-2 5-7 6-4,3,QF,155.0,,,,,,,,,,,,,,,,,,,20.0,2576.0,43.0,1422.0,Women
2022-2058,Melbourne 1,Hard,32,I,2022-01-03,293,201492,Andrea Petkovic,R,180.0,GER,34.3,216262,Clara Burel,R,176.0,FRA,20.7,7-5 2-6 6-4,3,R16,125.0,2.0,4.0,94.0,71.0,37.0,10.0,15.0,5.0,13.0,3.0,13.0,100.0,58.0,34.0,16.0,15.0,4.0,12.0,75.0,919.0,76.0,913.0,Women
2022-2058,Melbourne 1,Hard,32,I,2022-01-03,290,211951,Ana Konjuh,R,174.0,CRO,24.0,201466,Kaia Kanepi,R,181.0,EST,36.5,6-2 3-6 6-3,3,R16,114.0,5.0,3.0,83.0,41.0,29.0,20.0,13.0,11.0,15.0,2.0,4.0,84.0,41.0,23.0,19.0,13.0,5.0,11.0,67.0,998.0,73.0,948.0,Women
2022-2058,Melbourne 1,Hard,32,I,2022-01-03,285,202628,Maryna Zanevska,R,175.0,BEL,28.3,201549,Petra Martic,R,181.0,CRO,30.9,6-3 6-4,3,R32,92.0,4.0,3.0,63.0,34.0,25.0,15.0,9.0,3.0,4.0,7.0,3.0,72.0,42.0,27.0,12.0,10.0,7.0,11.0,82.0,871.0,54.0,1171.0,Women
2022-2058,Melbourne 1,Hard,32,I,2022-01-03,281,201483,Madison Brengle,R,168.0,USA,31.7,211702,Nao Hibino,R,163.0,JPN,27.0,7-6(3) 7-6(4),3,R32,104.0,1.0,6.0,92.0,68.0,45.0,9.0,12.0,5.0,9.0,0.0,1.0,79.0,57.0,31.0,13.0,12.0,2.0,6.0,59.0,1102.0,129.0,590.0,Women
2022-2058,Melbourne 1,Hard,32,I,2022-01-03,280,215713,Anastasia Potapova,R,175.0,RUS,20.7,211878,Lizette Cabrera,R,167.0,AUS,24.0,5-7 6-2 6-2,3,R32,115.0,2.0,8.0,89.0,57.0,41.0,12.0,14.0,11.0,15.0,1.0,1.0,77.0,46.0,22.0,15.0,14.0,1.0,8.0,69.0,985.0,173.0,409.0,Women
2022-2058,Melbourne 1,Hard,32,I,2022-01-03,275,201329,Vera Zvonareva,R,172.0,RUS,37.3,201590,Alison Riske Amritraj,R,173.0,USA,31.5,7-5 6-3,3,R32,104.0,0.0,1.0,70.0,51.0,36.0,12.0,11.0,3.0,4.0,4.0,1.0,79.0,59.0,34.0,10.0,10.0,6.0,9.0,81.0,876.0,51.0,1191.0,Women
2022-2059,Melbourne 2,Hard,32,I,2022-01-03,300,216153,Amanda Anisimova,R,180.0,USA,20.3,214082,Daria Kasatkina,R,170.0,RUS,24.6,6-2 6-0,3,SF,56.0,,,,,,,,,,,,,,,,,,,78.0,890.0,26.0,2180.0,Women
2022-2059,Melbourne 2,Hard,32,I,2022-01-03,299,205925,Aliaksandra Sasnovich,R,174.0,BLR,27.7,215983,Ann Li,R,170.0,USA,21.5,7-6(4) 2-6 6-3,3,SF,142.0,,,,,,,,,,,,,,,,,,,107.0,755.0,47.0,1314.0,Women
2022-2059,Melbourne 2,Hard,32,I,2022-01-03,294,201593,Irina Camelia Begu,R,181.0,ROU,31.3,211148,Jasmine Paolini,R,160.0,ITA,25.9,3-6 6-2 6-3,3,R16,122.0,7.0,7.0,79.0,49.0,35.0,11.0,13.0,2.0,6.0,0.0,3.0,88.0,56.0,32.0,12.0,13.0,3.0,9.0,62.0,1076.0,53.0,1178.0,Women
2022-2059,Melbourne 2,Hard,32,I,2022-01-03,291,203463,Nuria Parrizas Diaz,R,167.0,ESP,30.4,214906,Claire Liu,R,170.0,USA,21.6,3-6 7-5 6-1,3,R16,148.0,0.0,4.0,100.0,72.0,48.0,12.0,14.0,5.0,8.0,2.0,2.0,96.0,57.0,35.0,19.0,14.0,9.0,14.0,66.0,1008.0,94.0,815.0,Women
2022-2059,Melbourne 2,Hard,32,I,2022-01-03,288,220704,Clara Tauson,R,182.0,DEN,19.0,202684,Lin Zhu,R,173.0,CHN,27.9,6-1 6-0,3,R16,51.0,3.0,0.0,40.0,33.0,27.0,5.0,7.0,1.0,1.0,1.0,0.0,42.0,27.0,12.0,3.0,6.0,2.0,7.0,44.0,1421.0,114.0,683.0,Women
2022-2059,Melbourne 2,Hard,32,I,2022-01-03,281,201619,Madison Keys,R,178.0,USA,26.8,211279,Harriet Dart,R,175.0,GBR,25.4,6-3 7-6(2),3,R32,86.0,4.0,1.0,66.0,48.0,34.0,12.0,11.0,0.0,1.0,0.0,7.0,72.0,38.0,22.0,18.0,10.0,4.0,6.0,56.0,1149.0,123.0,616.0,Women
2022-2059,Melbourne 2,Hard,32,I,2022-01-03,277,201545,Anastasija Sevastova,R,169.0,LAT,31.7,201614,Caroline Garcia,R,177.0,FRA,28.2,6-4 6-4,3,R32,79.0,6.0,3.0,61.0,42.0,34.0,7.0,10.0,0.0,1.0,1.0,2.0,63.0,46.0,30.0,7.0,10.0,6.0,9.0,70.0,956.0,74.0,945.0,Women
2022-2059,Melbourne 2,Hard,32,I,2022-01-03,275,204427,Sara Sorribes Tormo,R,176.0,ESP,25.2,206242,Beatriz Haddad Maia,L,185.0,BRA,25.5,6-4 5-7 6-3,3,R32,186.0,0.0,4.0,113.0,83.0,46.0,13.0,16.0,10.0,17.0,0.0,9.0,86.0,48.0,28.0,13.0,15.0,5.0,13.0,36.0,1645.0,83.0,868.0,Women
2022-2059,Melbourne 2,Hard,32,I,2022-01-03,272,202490,Rebecca Peterson,R,173.0,SWE,26.4,206292,Astra Sharma,R,178.0,AUS,26.3,6-1 3-6 6-2,3,R32,121.0,2.0,4.0,85.0,59.0,39.0,14.0,12.0,1.0,3.0,3.0,2.0,83.0,42.0,26.0,18.0,12.0,7.0,12.0,88.0,853.0,98.0,806.0,Women
2022-2030,Adelaide 2,Hard,32,I,2022-01-10,296,214461,Tamara Zidansek,R,168.0,SLO,24.0,201616,Lauren Davis,R,157.0,USA,28.2,7-6(4) 7-6(7),3,QF,130.0,2.0,1.0,112.0,69.0,45.0,20.0,17.0,5.0,9.0,4.0,7.0,126.0,82.0,51.0,18.0,17.0,7.0,13.0,31.0,1876.0,95.0,834.0,Women
2022-2030,Adelaide 2,Hard,32,I,2022-01-10,288,221103,Coco Gauff,R,175.0,USA,17.8,216146,Marta Kostyuk,R,175.0,UKR,19.5,6-3 5-7 6-3,3,R16,114.0,1.0,2.0,51.0,29.0,21.0,15.0,8.0,3.0,3.0,4.0,1.0,47.0,31.0,18.0,4.0,8.0,2.0,6.0,19.0,2575.0,50.0,1215.0,Women
2022-2030,Adelaide 2,Hard,32,I,2022-01-10,282,211843,Anhelina Kalinina,R,179.0,UKR,24.9,201514,Sorana Cirstea,R,176.0,ROU,31.7,6-3 6-2,3,R32,85.0,4.0,3.0,57.0,30.0,16.0,18.0,10.0,0.0,3.0,0.0,1.0,63.0,51.0,26.0,4.0,9.0,4.0,9.0,51.0,1188.0,38.0,1618.0,Women
2022-2030,Adelaide 2,Hard,32,I,2022-01-10,280,213666,Maddison Inglis,R,171.0,AUS,23.9,203575,Danka Kovinic,R,169.0,MNE,27.1,6-4 1-6 6-2,3,R32,122.0,2.0,1.0,55.0,40.0,26.0,5.0,9.0,1.0,4.0,1.0,1.0,65.0,46.0,23.0,6.0,9.0,5.0,11.0,139.0,559.0,99.0,808.0,Women
2022-2030,Adelaide 2,Hard,32,I,2022-01-10,273,214643,Liudmila Samsonova,R,180.0,RUS,23.1,210886,Mayar Sherif,R,180.0,EGY,25.6,7-6(2) 6-4,3,R32,126.0,1.0,0.0,61.0,46.0,29.0,11.0,10.0,2.0,4.0,2.0,3.0,75.0,56.0,31.0,11.0,10.0,4.0,8.0,39.0,1542.0,63.0,1049.0,Women
2022-2030,Adelaide 2,Hard,32,I,2022-01-10,271,206124,Tereza Martincova,R,178.0,CZE,27.2,215035,Dayana Yastremska,R,175.0,UKR,21.6,6-4 3-6 6-3,3,R32,126.0,2.0,3.0,101.0,58.0,38.0,22.0,14.0,8.0,11.0,8.0,8.0,103.0,51.0,34.0,25.0,15.0,6.0,10.0,48.0,1226.0,102.0,789.0,Women
2022-2060,Sydney,Hard,30,P,2022-01-10,300,211651,Paula Badosa,R,180.0,ESP,24.1,206252,Barbora Krejcikova,R,178.0,CZE,26.0,6-3 4-6 7-6(4),3,F,142.0,12.0,4.0,101.0,53.0,39.0,19.0,15.0,0.0,4.0,6.0,2.0,95.0,69.0,43.0,12.0,16.0,3.0,8.0,9.0,3849.0,4.0,5008.0,Women
2022-2060,Sydney,Hard,30,P,2022-01-10,296,204426,Anett Kontaveit,R,174.0,EST,26.0,202460,Ons Jabeur,R,167.0,TUN,27.3,6-4 RET,3,QF,51.0,0.0,3.0,35.0,19.0,14.0,7.0,5.0,3.0,4.0,1.0,0.0,32.0,15.0,9.0,8.0,5.0,2.0,4.0,7.0,4351.0,10.0,3455.0,Women
2022-2060,Sydney,Hard,30,P,2022-01-10,272,210722,Elise Mertens,R,179.0,BEL,26.1,211539,Fiona Ferro,R,170.0,FRA,24.8,6-2 7-6(5),3,R32,109.0,2.0,6.0,68.0,37.0,25.0,12.0,10.0,5.0,10.0,2.0,2.0,78.0,44.0,22.0,11.0,10.0,5.0,12.0,20.0,2565.0,104.0,775.0,Women
2022-580,Australian Open,Hard,128,G,2022-01-17,104,202505,Belinda Bencic,R,175.0,SUI,24.8,201540,Kristina Mladenovic,R,184.0,FRA,28.6,6-4 6-3,3,R128,89.0,4.0,2.0,60.0,37.0,25.0,14.0,10.0,2.0,4.0,2.0,2.0,58.0,39.0,23.0,6.0,9.0,2.0,6.0,22.0,2415.0,88.0,860.0,Women
2022-580,Australian Open,Hard,128,G,2022-01-17,119,211533,Jelena Ostapenko,R,177.0,LAT,24.6,203533,Anna Karolina Schmiedlova,R,176.0,SVK,27.3,6-7(7) 6-4 6-1,3,R128,135.0,5.0,7.0,113.0,67.0,46.0,22.0,15.0,10.0,13.0,1.0,6.0,96.0,51.0,27.0,23.0,14.0,5.0,11.0,27.0,2035.0,87.0,862.0,Women
2022-580,Australian Open,Hard,128,G,2022-01-17,135,203389,Danielle Collins,R,178.0,USA,28.0,214452,Caroline Dolehide,R,178.0,USA,23.3,6-1 6-3,3,R128,66.0,3.0,0.0,51.0,32.0,23.0,12.0,8.0,5.0,6.0,1.0,3.0,53.0,33.0,19.0,5.0,8.0,4.0,9.0,30.0,1911.0,200.0,342.0,Women
2022-580,Australian Open,Hard,128,G,2022-01-17,143,221054,Emma Raducanu,R,175.0,GBR,19.1,201585,Sloane Stephens,R,170.0,USA,28.8,6-0 2-6 6-1,3,R128,105.0,0.0,6.0,82.0,56.0,37.0,12.0,11.0,5.0,8.0,0.0,1.0,56.0,38.0,18.0,8.0,10.0,2.0,8.0,18.0,2595.0,67.0,1023.0,Women
2022-580,Australian Open,Hard,128,G,2022-01-17,146,201427,Alize Cornet,R,173.0,FRA,31.9,202600,Viktoriya Tomova,R,170.0,BUL,26.8,6-3 6-3,3,R128,92.0,0.0,1.0,57.0,27.0,15.0,19.0,9.0,1.0,4.0,0.0,3.0,58.0,42.0,18.0,7.0,9.0,7.0,13.0,61.0,1050.0,118.0,639.0,Women
2022-580,Australian Open,Hard,128,G,2022-01-17,154,201325,Samantha Stosur,R,172.0,AUS,37.8,203513,Robin Anderson,R,160.0,USA,28.7,6-7(5) 6-3 6-3,3,R128,150.0,12.0,4.0,107.0,67.0,51.0,17.0,15.0,7.0,9.0,7.0,5.0,102.0,59.0,38.0,22.0,15.0,7.0,12.0,487.0,97.0,169.0,412.0,Women
2022-580,Australian Open,Hard,128,G,2022-01-17,163,214544,Aryna Sabalenka,R,182.0,BLR,23.7,204411,Storm Hunter,L,166.0,AUS,27.4,5-7 6-3 6-2,3,R128,122.0,7.0,12.0,90.0,60.0,39.0,13.0,15.0,6.0,11.0,2.0,11.0,98.0,51.0,32.0,19.0,14.0,10.0,17.0,2.0,5698.0,128.0,581.0,Women
2022-580,Australian Open,Hard,128,G,2022-01-17,169,202468,Jessica Pegula,R,170.0,USA,27.8,211095,Bernarda Pera,L,175.0,USA,27.1,6-4 6-4,3,R64,83.0,1.0,4.0,74.0,46.0,26.0,19.0,10.0,8.0,10.0,2.0,2.0,62.0,38.0,25.0,11.0,10.0,3.0,7.0,21.0,2474.0,105.0,728.0,Women
2022-580,Australian Open,Hard,128,G,2022-01-17,177,202492,Qiang Wang,R,172.0,CHN,30.0,202421,Alison Van Uytvanck,R,173.0,BEL,27.8,2-6 7-6(5) 6-3,3,R64,135.0,0.0,1.0,101.0,63.0,38.0,18.0,15.0,4.0,9.0,1.0,4.0,98.0,61.0,42.0,17.0,14.0,6.0,10.0,110.0,714.0,55.0,1125.0,Women
2022-718,Dubai,Hard,32,P,2022-02-14,289,213525,Jil Teichmann,L,170.0,SUI,24.5,202494,Elina Svitolina,R,174.0,UKR,27.4,7-6(0) 6-2,3,R16,102.0,6.0,6.0,67.0,37.0,30.0,19.0,10.0,5.0,5.0,3.0,6.0,83.0,46.0,31.0,16.0,10.0,5.0,7.0,35.0,1470.0,15.0,2472.0,Women
2022-718,Dubai,Hard,32,P,2022-02-14,274,202469,Garbine Muguruza,R,182.0,ESP,28.3,211701,Katerina Siniakova,R,174.0,CZE,25.7,7-6(5) 2-6 6-2,3,R32,144.0,8.0,4.0,86.0,54.0,34.0,17.0,14.0,2.0,6.0,3.0,9.0,123.0,78.0,53.0,15.0,14.0,14.0,18.0,7.0,4195.0,45.0,1175.0,Women
2022-2002,Guadalajara,Hard,32,I,2022-02-21,296,214939,Anna Kalinskaya,R,175.0,RUS,23.2,215785,Camila Osorio,R,162.0,COL,20.1,6-4 6-1,3,QF,80.0,1.0,3.0,46.0,29.0,20.0,10.0,8.0,1.0,2.0,1.0,5.0,61.0,40.0,24.0,7.0,9.0,5.0,10.0,100.0,694.0,45.0,1147.0,Women
2022-2002,Guadalajara,Hard,32,I,2022-02-21,283,203564,Chloe Paquet,R,179.0,FRA,27.6,214119,Rebeka Masarova,R,186.0,ESP,22.5,7-5 7-5,3,R32,102.0,2.0,6.0,71.0,39.0,24.0,20.0,12.0,5.0,8.0,7.0,10.0,80.0,46.0,28.0,15.0,12.0,4.0,9.0,118.0,582.0,142.0,460.0,Women
2022-2002,Guadalajara,Hard,32,I,2022-02-21,279,216133,Xin Yu Wang,R,182.0,CHN,20.4,215910,Panna Udvardy,R,170.0,HUN,23.4,6-4 4-6 6-1,3,R32,122.0,3.0,8.0,98.0,42.0,27.0,30.0,13.0,8.0,11.0,4.0,8.0,81.0,45.0,29.0,14.0,14.0,2.0,8.0,94.0,750.0,83.0,801.0,Women
2022-2011,Lyon,Hard,32,I,2022-02-28,296,201533,Shuai Zhang,R,177.0,CHN,33.1,201554,Vitalia Diatchenko,R,170.0,RUS,31.5,3-0 RET,3,QF,13.0,1.0,0.0,7.0,4.0,4.0,3.0,2.0,0.0,0.0,0.0,0.0,11.0,6.0,3.0,0.0,2.0,2.0,4.0,64.0,975.0,118.0,556.0,Women
2022-1039,Monterrey,Hard,32,I,2022-02-28,279,201586,Heather Watson,R,170.0,GBR,29.7,215898,Jule Niemeier,R,178.0,GER,22.5,6-3 2-6 7-6(4),3,R32,139.0,5.0,3.0,102.0,67.0,49.0,18.0,15.0,7.0,10.0,5.0,8.0,94.0,53.0,36.0,24.0,14.0,6.0,8.0,120.0,552.0,110.0,606.0,Women
2022-609,Indian Wells,Hard,96,P,2022-03-07,247,214954,Marketa Vondrousova,L,173.0,CZE,22.6,211684,Magdalena Frech,R,171.0,POL,24.2,6-1 6-3,3,R64,68.0,1.0,5.0,47.0,25.0,16.0,13.0,8.0,3.0,5.0,1.0,3.0,50.0,26.0,15.0,6.0,8.0,0.0,6.0,33.0,1487.0,88.0,739.0,Women
2022-609,Indian Wells,Hard,96,P,2022-03-07,176,201709,Yulia Putintseva,R,163.0,KAZ,27.1,221909,Ashlyn Krueger,R,185.0,USA,17.8,6-3 6-2,3,R128,78.0,0.0,6.0,64.0,46.0,30.0,8.0,8.0,13.0,15.0,1.0,1.0,52.0,40.0,19.0,4.0,9.0,4.0,10.0,47.0,1151.0,542.0,81.0,Women
2022-894,Bogota,Clay,32,I,2022-04-04,300,213583,Tatjana Maria,R,172.0,GER,34.6,206007,Laura Pigossi,R,164.0,BRA,27.6,6-3 4-6 6-2,3,F,150.0,6.0,3.0,92.0,54.0,42.0,17.0,14.0,3.0,5.0,0.0,1.0,96.0,74.0,42.0,13.0,13.0,8.0,12.0,237.0,287.0,212.0,316.0,Women
2022-894,Bogota,Clay,32,I,2022-04-04,280,201506,Sara Errani,R,164.0,ITA,34.9,201527,Stefanie Voegele,R,170.0,SUI,32.0,6-0 6-3,3,R32,63.0,0.0,1.0,50.0,39.0,24.0,5.0,8.0,2.0,4.0,0.0,5.0,36.0,15.0,5.0,4.0,7.0,1.0,7.0,145.0,441.0,141.0,462.0,Women
2022-804,Charleston,Clay,64,P,2022-04-04,274,201662,Karolina Pliskova,R,184.0,CZE,30.0,215290,Katarina Zavatska,R,173.0,UKR,22.1,5-7 7-5 6-4,3,R32,168.0,8.0,6.0,110.0,86.0,54.0,7.0,17.0,7.0,13.0,1.0,1.0,107.0,82.0,46.0,11.0,17.0,5.0,12.0,7.0,4197.0,215.0,313.0,Women
2022-2020,Istanbul,Clay,32,I,2022-04-18,272,211814,Julia Grabher,R,170.0,AUT,25.7,201664,Pemra Ozgen,R,170.0,TUR,35.9,7-5 6-2,3,R32,84.0,2.0,3.0,61.0,45.0,27.0,10.0,10.0,3.0,6.0,1.0,0.0,65.0,52.0,24.0,6.0,10.0,4.0,10.0,194.0,345.0,320.0,188.0,Women
2022-1051,Stuttgart,Clay,32,P,2022-04-18,283,211337,Tamara Korpatsch,R,170.0,GER,26.9,202429,Camila Giorgi,R,168.0,ITA,30.2,3-6 7-6(2) 6-1,3,R32,130.0,3.0,6.0,86.0,46.0,33.0,15.0,13.0,2.0,8.0,0.0,9.0,92.0,54.0,30.0,15.0,15.0,2.0,10.0,118.0,560.0,30.0,1603.0,Women
2022-1005,Rabat,Clay,32,I,2022-05-16,297,203354,Martina Trevisan,L,160.0,ITA,28.5,201551,Arantxa Rus,L,180.0,NED,31.4,7-6(4) 6-3,3,QF,122.0,1.0,2.0,58.0,42.0,24.0,5.0,10.0,1.0,6.0,1.0,7.0,91.0,66.0,33.0,6.0,11.0,6.0,13.0,85.0,783.0,76.0,847.0,Women
2022-406,Strasbourg,Clay,32,I,2022-05-16,294,201493,Angelique Kerber,L,173.0,GER,34.3,202663,Magda Linette,R,171.0,POL,30.2,6-2 4-6 6-4,3,QF,131.0,1.0,6.0,98.0,63.0,45.0,16.0,14.0,7.0,9.0,4.0,4.0,92.0,48.0,29.0,22.0,14.0,5.0,9.0,22.0,2074.0,56.0,1081.0,Women
2022-520,Roland Garros,Clay,128,G,2022-05-23,141,215370,Bianca Andreescu,R,170.0,CAN,21.9,204434,Ysaline Bonaventure,L,178.0,BEL,27.7,3-6 7-5 6-0,3,R128,,5.0,3.0,88.0,57.0,36.0,14.0,14.0,7.0,12.0,3.0,10.0,93.0,59.0,35.0,10.0,13.0,9.0,16.0,72.0,913.0,168.0,380.0,Women
2022-1052,Birmingham,Grass,32,I,2022-06-13,280,202499,Donna Vekic,R,179.0,CRO,25.9,201535,Coco Vandeweghe,R,185.0,USA,30.5,6-4 6-4,3,R32,84.0,5.0,5.0,60.0,32.0,27.0,15.0,10.0,0.0,1.0,4.0,4.0,58.0,29.0,19.0,14.0,10.0,3.0,6.0,92.0,723.0,122.0,519.0,Women
2022-540,Wimbledon,Grass,128,G,2022-06-27,122,201465,Kirsten Flipkens,R,165.0,BEL,36.4,215096,Jaimee Fourlis,R,168.0,AUS,22.7,7-5 6-2,3,R128,102.0,2.0,2.0,68.0,43.0,25.0,15.0,10.0,8.0,11.0,2.0,1.0,75.0,55.0,26.0,8.0,10.0,8.0,14.0,190.0,351.0,150.0,420.0,Women
2022-540,Wimbledon,Grass,128,G,2022-06-27,146,203514,Katarzyna Kawa,R,178.0,POL,29.6,201606,Rebecca Marino,R,183.0,CAN,31.5,6-4 3-6 7-5,3,R128,150.0,3.0,7.0,115.0,62.0,42.0,23.0,15.0,9.0,13.0,6.0,3.0,102.0,57.0,35.0,24.0,16.0,5.0,10.0,132.0,490.0,104.0,649.0,Women
2022-2036,Budapest,Clay,32,I,2022-07-11,283,202434,Aleksandra Krunic,R,163.0,SRB,29.3,201696,Laura Siegemund,R,168.0,GER,34.3,6-3 6-4,3,R32,94.0,1.0,4.0,62.0,33.0,24.0,16.0,10.0,3.0,4.0,0.0,3.0,59.0,38.0,24.0,9.0,9.0,4.0,7.0,105.0,621.0,225.0,306.0,Women
2022-2036,Budapest,Clay,32,I,2022-07-11,271,203462,Kateryna Baindl,R,175.0,UKR,28.3,201693,Timea Babos,R,179.0,HUN,29.1,6-4 6-3,3,R32,99.0,2.0,5.0,70.0,50.0,33.0,10.0,10.0,6.0,8.0,3.0,4.0,66.0,40.0,22.0,12.0,9.0,6.0,10.0,138.0,453.0,299.0,214.0,Women
2022-2037,Warsaw,Clay,32,I,2022-07-25,271,206408,Nadia Podoroska,R,170.0,ARG,25.4,202456,Alexandra Cadantu Ignatik,R,170.0,ROU,32.2,6-1 6-1,3,R32,70.0,4.0,0.0,38.0,24.0,21.0,8.0,7.0,0.0,0.0,0.0,5.0,37.0,24.0,11.0,3.0,7.0,1.0,6.0,211.0,310.0,154.0,401.0,Women
2022-2070,Granby,Hard,32,I,2022-08-22,286,201611,Daria Saville,R,166.0,AUS,28.4,214684,Katherine Sebov,R,173.0,CAN,23.6,6-1 6-0,3,R16,63.0,0.0,1.0,36.0,21.0,15.0,11.0,6.0,1.0,1.0,0.0,2.0,43.0,36.0,16.0,1.0,7.0,3.0,9.0,73.0,818.0,307.0,206.0,Women
2022-2078,Chennai,Hard,32,I,2022-09-12,289,202446,Eugenie Bouchard,R,178.0,CAN,28.5,214694,Karman Thandi,R,183.0,IND,24.2,6-2 7-6(2),3,R16,133.0,2.0,1.0,70.0,39.0,26.0,20.0,10.0,3.0,4.0,2.0,4.0,84.0,48.0,29.0,16.0,10.0,5.0,8.0,902.0,21.0,359.0,159.0,Women
2022-2078,Chennai,Hard,32,I,2022-09-12,271,203475,Carol Zhao,R,165.0,CAN,27.2,211881,Olivia Tjandramulia,R,167.0,AUS,25.3,6-1 6-1,3,R32,63.0,1.0,0.0,43.0,27.0,20.0,10.0,7.0,0.0,0.0,0.0,0.0,57.0,44.0,22.0,3.0,7.0,7.0,12.0,187.0,343.0,421.0,123.0,Women
2022-2073,Tallinn,Hard,32,I,2022-09-26,271,211107,Katie Boulter,R,180.0,GBR,26.1,211713,Jaqueline Cristian,R,180.0,ROU,24.3,6-3 6-1,3,R32,63.0,4.0,1.0,45.0,28.0,22.0,9.0,8.0,2.0,3.0,0.0,5.0,43.0,21.0,9.0,9.0,8.0,2.0,7.0,145.0,422.0,68.0,841.0,Women
2022-W-FC-2022-G1-AM-B-M-CHI-ECU-01,BJK Cup G1 RR: CHI vs ECU,Hard,2,D,2022-04-15,2,206037,Daniela Seguel,U,171.0,CHI,29.4,211122,Charlotte Roemer,R,171.0,ECU,28.2,7-5 6-2,3,RR,104.0,0.0,1.0,56.0,48.0,27.0,6.0,10.0,1.0,4.0,0.0,1.0,70.0,52.0,23.0,10.0,10.0,5.0,11.0,252.0,273.0,1033.0,18.0,Women
2022-W-FC-2022-G1-AO-A-M-INA-NZL-01,BJK Cup G1 RR: INA vs NZL,Clay,2,D,2022-04-16,2,210738,Aldila Sutjiadi,R,170.0,INA,26.9,204355,Katherine Westbury,R,177.0,THA,29.0,6-1 6-1,3,RR,51.0,3.0,0.0,39.0,29.0,20.0,6.0,7.0,1.0,2.0,0.0,3.0,43.0,25.0,7.0,8.0,7.0,5.0,11.0,350.0,158.0,1352.0,7.0,Women
2022-W-FC-2022-POS-M-LAT-AUT-01,BJK Cup Playoffs: LAT vs AUT,Clay,4,D,2022-11-12,4,201481,Tamira Paszek,R,165.0,AUT,31.9,203509,Diana Marcinkevica,R,170.0,LAT,30.2,6-2 6-3,3,RR,,,,,,,,,,,,,,,,,,,,492.0,85.0,300.0,200.0,Women
